,position,predicted_time
0,1,0.0
1,2,0.10522902869757175
2,3,0.24258363993132206
3,4,2470.953375950454
4,5,103.42989367181751
5,6,6605.262957137602
6,7,58822.210116200644
7,8,2672.020721792985
8,9,17646.777814569537
9,10,9837.518996627423
10,11,11111.402522424689
11,12,6703.441278647272
12,13,6002.294840987231
13,14,78104.12119691665
14,15,11562.005035334603
15,16,154564.7615634652
16,17,75944.7605713138
17,18,101454.93803624668
18,19,180456.8502702286
19,20,137202.07021621097
20,21,108489.7231060516
21,22,146098.0179325897
22,23,107605.70758414346
23,24,92838.15896360537
24,25,98521.17414874233
25,26,73062.5790128818
26,27,59832.38672732672
27,28,53228.09671657133
28,29,51506.06906251172
29,30,40497.00917895974
30,31,43812.746717661445
31,32,39010.30802928871
32,33,39209.949797259666
33,34,34790.23612650673
34,35,37197.88328040127
35,36,32425.83943702658
36,37,32463.565498850887
37,38,30576.94045543432
38,39,31179.482373760144
39,40,28837.622489165075
40,41,32509.70427014218
41,42,26899.762891323873
42,43,32384.42961009174
43,44,27905.661253916587
44,45,30373.166331660486
45,46,29689.851136098812
46,47,33230.27050322901
47,48,29758.363336065577
48,49,27858.446253310794
49,50,29673.140518046708
50,51,35386.265147077924
51,52,32961.42433356401
52,53,32567.190554649875
53,54,33778.455186009545
54,55,37591.652713615025
55,56,31165.65121814849
56,57,29719.317683035715
57,58,32982.689826687936
58,59,33081.051216045846
59,60,32466.027000000006
60,61,33893.72049567532
61,62,27381.896791279487
62,63,34126.96884750958
63,64,29027.301582362732
64,65,31215.858208781363
65,66,19817.74437296261
66,67,24102.32732572614
67,68,21609.74717303371
68,69,27145.05186538462
69,70,28502.377932225067
70,71,35267.13435644938
71,72,28447.41587761194
72,73,26384.967615015976
73,74,29561.771951557093
74,75,27425.174994382025
75,76,22593.09899203187
76,77,31949.867892933624
77,78,38927.062887871856
78,79,30007.106555012226
79,80,33111.41438402062
80,81,22821.000065573775
81,82,28647.917043604655
82,83,29932.885813084114
83,84,33447.79899317406
84,85,34781.31619927537
85,86,36880.276968750004
86,87,17494.64912605042
87,88,44581.063066964285
88,89,29434.74197196262
89,90,21557.796502487563
90,91,31704.05768449198
91,92,33224.198748571434
92,93,15877.436408536585
93,94,18928.791877419357
94,95,11106.289287671234
95,96,42027.25511029412
96,97,6037.435222222222
97,98,13765.43763559322
98,99,22716.502548672568
99,100,19609.65540740741
100,101,28821.807392156865
101,102,29110.042425531912
102,103,32862.26636585366
103,104,33222.5908
104,105,86887.7899
105,106,20442.013530303033
106,107,26400.669984375003
107,108,64393.194233333335
108,109,25428.024
109,110,36690.465
110,111,13222.760755102041
111,112,13507.023148936172
112,113,14908.100642857145
113,114,10937.772384615386
114,115,24086.028527777777
115,116,44779.839303030305
116,117,41393.821516129035
117,118,41415.938
118,119,21173.213827586205
119,120,24913.645214285712
120,121,42164.73165384615
121,122,912.1546800000001
122,123,70543.43686956522
123,124,269.92745454545457
124,125,68441.13647368422
125,126,944.8526666666668
126,127,186968.97223529415
127,128,36053.665250000005
128,129,13559.298642857144
129,130,12427.247384615384
130,131,51660.845166666666
131,132,898.6334166666669
132,133,30454.420181818186
133,134,5202.888090909091
134,135,41725.4635
135,136,25.731555555555556
136,137,56868.48255555556
137,138,331.63433333333336
138,139,51498.14833333334
139,140,2064.111777777778
140,141,36007.78555555556
141,142,149420.8143333333
142,143,40242.14411111111
143,144,80.30477777777779
144,145,64559.90511111112
145,146,38.54788888888889
146,147,173917.45457142856
147,148,399.83328571428575
148,149,14289.182666666668
149,150,851.6183333333335
150,151,566.106
151,152,330.8912
152,153,50562.818600000006
153,154,18.8718
154,155,404753.6000000001
155,156,18.485000000000003
156,157,50.245000000000005
157,158,6.0006666666666675
158,159,207.50333333333333
159,160,764.769
160,161,83580.444
161,162,29347.546500000004
162,163,2798.9150000000004
163,164,6293.447
164,165,179225.2665
165,166,9836.742500000002
166,167,39.636500000000005
167,168,30672.100500000004
168,169,51.8415
169,170,32048.666
170,171,218.5375
171,172,3227.1545
172,173,0.005
173,174,0.004
174,175,10.117500000000001
175,176,292506.206
176,177,0.007000000000000001
177,178,0.008
178,179,0.1405
179,180,0.011000000000000001
